Date,House_Price_Index,Stock_Price_Index,Consumer_Price_Index,Population,Unemployment_Rate,Mortgage_Rate,Real_Disposable_Income,Real_Interest_Rate
1987.01,63.735,14.97068,111.4,153968000,6.6,9.204,6.1595E+12,5.5
1987.02,64.134,15.86818,111.8,154123000,6.6,9.0825,6.1921E+12,5.5
1987.03,64.47,16.48206,112.2,154229000,6.6,9.035,6.2E+12,5.5
1987.04,64.974,16.22884,112.7,154362000,6.3,9.8325,5.9672E+12,5.5
1987.05,65.549,16.14232,113,154490000,6.3,10.596,6.2091E+12,5.5
1987.06,66.22,16.79351,113.5,154605000,6.2,10.5375,6.2008E+12,5.5
1987.07,66.787,17.25948,113.8,154727000,6.1,10.278,6.2181E+12,5.5
1987.08,67.27,18.23986,114.3,154811000,6,10.33,6.2442E+12,5.5
1987.09,67.624,17.67034,114.7,154937000,5.9,10.8875,6.2443E+12,5.95
1987.1,67.902,15.56062,115,155054000,6,11.26,6.2845E+12,6
1987.11,68.092,13.58801,115.4,155168000,5.8,10.65,6.3089E+12,6
1987.12,68.344,13.3575,115.6,155258000,5.7,10.64,6.3654E+12,6
1988.01,68.583,13.91834,116,155396000,5.7,10.3825,6.3788E+12,6
1988.02,68.916,14.37273,116.2,155503000,5.7,9.8925,6.416E+12,6
1988.03,69.325,14.84251,116.5,155607000,5.7,9.93,6.4422E+12,6
1988.04,69.79,14.70187,117.2,155702000,5.4,10.202,6.4643E+12,6
1988.05,70.409,14.35853,117.5,155830000,5.6,10.455,6.4734E+12,6
1988.06,71.068,15.12444,118,155985000,5.4,10.46,6.4974E+12,6
1988.07,71.686,15.06437,118.5,156130000,5.4,10.432,6.5245E+12,6
1988.08,72.185,14.78065,119,156203000,5.6,10.5975,6.5428E+12,6.37
1988.09,72.574,15.00061,119.5,156284000,5.4,10.48,6.5555E+12,6.5
1988.1,72.823,15.48469,119.9,156395000,5.4,10.3025,6.5904E+12,6.5
1988.11,73.065,15.11941,120.3,156447000,5.3,10.265,6.5926E+12,6.5
1988.12,73.279,15.38439,120.7,156527000,5.3,10.612,6.6251E+12,6.5
1989.01,73.618,15.88492,121.2,156752000,5.4,10.73,6.6534E+12,6.5
1989.02,73.969,16.3478,121.6,156812000,5.2,10.645,6.6732E+12,6.59
1989.03,74.411,16.30056,122.2,156886000,5,11.032,6.7067E+12,7
1989.04,74.868,16.7725,123.1,156959000,5.2,11.05,6.6723E+12,7
1989.05,75.296,17.35978,123.7,157044000,5.2,10.7725,6.6417E+12,7
1989.06,75.697,17.90099,124.1,157177000,5.3,10.196,6.6605E+12,7
1989.07,76.043,18.33109,124.5,157284000,5.2,9.8825,6.6839E+12,7
1989.08,76.274,19.10661,124.5,157385000,5.2,9.985,6.7016E+12,7
1989.09,76.422,19.11225,124.8,157474000,5.3,10.126,6.7217E+12,7
1989.1,76.489,19.06244,125.4,157568000,5.3,9.9475,6.7548E+12,7
1989.11,76.522,18.66268,125.9,157612000,5.4,9.7675,6.7613E+12,7
1989.12,76.498,19.07521,126.3,157703000,5.4,9.744,6.7614E+12,7
1990.01,76.527,18.56648,127.5,159353000,5.4,9.895,6.801E+12,7
1990.02,76.587,18.07759,128,159442000,5.3,10.1975,6.8151E+12,7
1990.03,76.79,18.44583,128.6,159547000,5.2,10.268,6.8169E+12,7
1990.04,77.038,18.38141,128.9,159631000,5.4,10.37,6.8606E+12,7
1990.05,77.297,18.94923,129.1,159724000,5.4,10.4775,6.8524E+12,7
1990.06,77.505,19.47706,129.9,159812000,5.2,10.164,6.8623E+12,7
1990.07,77.56,19.47469,130.5,159904000,5.5,10.035,6.8861E+12,7
1990.08,77.479,17.96866,131.6,160041000,5.7,10.1,6.8428E+12,7
1990.09,77.229,17.15432,132.5,160191000,5.9,10.175,6.8395E+12,7
1990.1,76.913,16.64209,133.4,160331000,5.9,10.1775,6.7834E+12,7
1990.11,76.381,17.05451,133.7,160467000,6.2,10.014,6.7851E+12,7
1990.12,75.972,17.78271,134.2,160564000,6.3,9.6725,6.8241E+12,6.79
1991.01,75.533,17.62213,134.7,160655000,6.4,9.6375,6.8047E+12,6.5
1991.02,75.25,19.58308,134.8,160710000,6.6,9.365,6.814E+12,6
1991.03,75.137,20.15921,134.8,160794000,6.8,9.5,6.8249E+12,6
1991.04,75.318,20.56992,135.1,160921000,6.7,9.4925,6.8517E+12,5.98
1991.05,75.769,20.49271,135.6,161017000,6.9,9.472,6.8529E+12,5.5
1991.06,76.254,20.53056,136,161141000,6.9,9.615,6.8885E+12,5.5
1991.07,76.518,20.62734,136.2,161217000,6.8,9.575,6.8752E+12,5.5
1991.08,76.595,21.12646,136.6,161354000,6.9,9.244,6.8914E+12,5.5
1991.09,76.576,21.04894,137,161521000,6.9,9.0075,6.9105E+12,5.2
1991.1,76.291,21.10341,137.2,161663000,7,8.855,6.9211E+12,5
1991.11,76.031,21.11836,137.8,161798000,7,8.712,6.9322E+12,4.58
1991.12,75.844,21.21873,138.2,161905000,7.3,8.4975,6.9957E+12,4.11
1992.01,75.699,22.71159,138.3,161987000,7.3,8.432,7.0653E+12,3.5
1992.02,75.654,22.59063,138.6,162071000,7.4,8.7625,7.0978E+12,3.5
1992.03,75.813,22.30278,139.1,162166000,7.4,8.935,7.1055E+12,3.5
1992.04,76.08,22.23713,139.4,162262000,7.4,8.8525,7.1268E+12,3.5
1992.05,76.398,22.63904,139.7,162352000,7.6,8.672,7.1611E+12,3.5
1992.06,76.602,22.24978,140.1,162493000,7.8,8.51,7.1917E+12,3.5
1992.07,76.711,22.59568,140.5,162625000,7.7,8.128,7.187E+12,3.02
1992.08,76.731,22.78407,140.8,162801000,7.6,7.975,7.2128E+12,3
1992.09,76.628,22.78986,141.1,162977000,7.6,7.9225,7.1795E+12,3
1992.1,76.598,22.47702,141.7,163122000,7.3,8.088,7.1336E+12,3
1992.11,76.579,23.05813,142.1,163275000,7.4,8.305,7.1445E+12,3
1992.12,76.464,23.71526,142.3,163388000,7.4,8.206,7.399E+12,3
1993.01,76.395,23.73477,142.8,163513000,7.3,7.9925,7.2376E+12,3
1993.02,76.328,24.10519,143.1,163621000,7.1,7.6825,7.2718E+12,3
1993.03,76.383,24.5713,143.3,163694000,7,7.495,7.2492E+12,3
1993.04,76.661,24.23496,143.8,163831000,7.1,7.472,7.2868E+12,3
1993.05,77.03,24.36321,144.2,163943000,7.1,7.465,7.2763E+12,3
1993.06,77.516,24.47691,144.3,164094000,7,7.4175,7.2629E+12,3
1993.07,77.885,24.54492,144.5,164233000,6.9,7.206,7.2812E+12,3
1993.08,78.131,24.94888,144.8,164379000,6.8,7.1125,7.2918E+12,3
1993.09,78.198,25.23904,145,164543000,6.7,6.915,7.2719E+12,3
1993.1,78.172,25.5033,145.6,164699000,6.8,6.834,7.2364E+12,3
1993.11,78.17,25.34482,146,164884000,6.6,7.155,7.2564E+12,3
1993.12,78.114,25.52289,146.3,165010000,6.5,7.172,7.5037E+12,3
1994.01,78.199,25.95653,146.3,165121000,6.6,7.06,7.3631E+12,3
1994.02,78.205,25.94262,146.7,165254000,6.6,7.1525,7.3772E+12,3
1994.03,78.35,25.48287,147.1,165327000,6.5,7.675,7.4017E+12,3
1994.04,78.702,24.55667,147.2,165476000,6.4,8.316,7.402E+12,3
1994.05,79.209,24.7144,147.5,165577000,6.1,8.5975,7.4874E+12,3.24
1994.06,79.702,24.87754,147.9,165694000,6.1,8.3975,7.4755E+12,3.5
1994.07,80.064,24.68769,148.4,165797000,6.1,8.614,7.4817E+12,3.5
1994.08,80.317,25.36024,149,165928000,6,8.5125,7.4905E+12,3.76
1994.09,80.34,25.51085,149.3,166129000,5.9,8.64,7.5232E+12,4
1994.1,80.304,25.27446,149.4,166289000,5.8,8.925,7.5947E+12,4
1994.11,80.17,25.00329,149.8,166445000,5.6,9.17,7.5944E+12,4.4
1994.12,80.079,24.62429,150.1,166584000,5.5,9.198,7.6291E+12,4.75
1995.01,80.027,25.11062,150.5,166467000,5.6,9.1475,7.6537E+12,4.75
1995.02,79.993,25.93257,150.9,166591000,5.4,8.8275,7.6691E+12,5.25
1995.03,80.079,26.42236,151.2,166690000,5.4,8.462,7.6903E+12,5.25
1995.04,80.37,27.17155,151.8,166791000,5.8,8.32,7.6336E+12,5.25
1995.05,80.692,27.90742,152.1,166897000,5.6,7.955,7.7109E+12,5.25
1995.06,81.069,28.67153,152.4,167023000,5.6,7.566,7.734E+12,5.25
1995.07,81.412,29.52861,152.6,167150000,5.7,7.6075,7.7514E+12,5.25
1995.08,81.655,29.71381,152.9,167310000,5.7,7.86,7.7566E+12,5.25
1995.09,81.739,30.73981,153.1,167459000,5.6,7.636,7.782E+12,5.25
1995.1,81.728,30.87537,153.5,167628000,5.5,7.475,7.7909E+12,5.25
1995.11,81.632,31.44986,153.7,167753000,5.6,7.3775,7.8123E+12,5.25
1995.12,81.514,32.47175,153.9,167879000,5.6,7.2,7.823E+12,5.25
1996.01,81.428,32.60315,154.7,167929000,5.6,7.03,7.8337E+12,5.24
1996.02,81.4,34.30991,155,168093000,5.5,7.075,7.8943E+12,5
1996.03,81.666,34.33728,155.5,168257000,5.5,7.624,7.9199E+12,5
1996.04,82.126,34.41353,156.1,168457000,5.6,7.925,7.8723E+12,5
1996.05,82.603,35.14032,156.4,168604000,5.6,8.07,7.972E+12,5
1996.06,83.049,35.48436,156.7,168760000,5.3,8.32,8.0203E+12,5
1996.07,83.419,34.21694,157,168918000,5.5,8.245,7.9994E+12,5
1996.08,83.646,35.1152,157.2,169078000,5.1,8.002,8.0198E+12,5
1996.09,83.703,35.7465,157.7,169248000,5.2,8.23,8.0387E+12,5
1996.1,83.63,36.99175,158.2,169408000,5.2,7.915,8.0382E+12,5
1996.11,83.557,38.49857,158.7,169585000,5.4,7.618,8.0602E+12,5
1996.12,83.491,38.78163,159.1,169734000,5.4,7.5975,8.0877E+12,5
1997.01,83.531,39.9673,159.4,170318000,5.3,7.824,8.1108E+12,5
1997.02,83.597,41.45096,159.7,170458000,5.2,7.65,8.1334E+12,5
1997.03,83.912,41.26777,159.8,170598000,5.2,7.8975,8.1721E+12,5
1997.04,84.322,39.71159,159.9,170783000,5.1,8.1425,8.1782E+12,5
1997.05,84.865,42.91642,159.9,170934000,4.9,7.944,8.2141E+12,5
1997.06,85.399,45.26382,160.2,171055000,5,7.69,8.2405E+12,5
1997.07,85.842,47.62737,160.4,171192000,4.9,7.4975,8.2717E+12,5
1997.08,86.151,47.68659,160.8,171336000,4.8,7.48,8.3146E+12,5
1997.09,86.311,48.49962,161.2,171502000,4.9,7.43,8.3364E+12,5
1997.1,86.409,49.44086,161.5,171659000,4.7,7.294,8.3776E+12,5
1997.11,86.633,48.73145,161.7,171867000,4.6,7.205,8.4318E+12,5
1997.12,86.849,49.97653,161.8,172027000,4.7,7.095,8.4803E+12,5
1998.01,87.164,49.9245,162,172061000,4.6,6.994,8.5549E+12,5
1998.02,87.374,52.69964,162,172244000,4.6,7.0425,8.6089E+12,5
1998.03,87.878,55.5262,162,172396000,4.7,7.1275,8.6583E+12,5
1998.04,88.558,57.24488,162.2,172553000,4.3,7.14,8.6856E+12,5
1998.05,89.374,56.88943,162.6,172750000,4.4,7.144,8.7211E+12,5
1998.06,90.195,56.42339,162.8,172882000,4.5,6.9975,8.7705E+12,5
1998.07,90.86,58.07058,163.2,172997000,4.5,6.952,8.786E+12,5
1998.08,91.407,53.39362,163.4,173192000,4.5,6.9225,8.8144E+12,5
1998.09,91.753,50.16512,163.5,173361000,4.6,6.7225,8.8405E+12,5
1998.1,92.001,50.65313,163.9,173537000,4.5,6.71,8.8533E+12,4.86
1998.11,92.199,55.87901,164.1,173824000,4.4,6.865,8.8898E+12,4.63
1998.12,92.445,57.03838,164.4,173995000,4.4,6.738,8.9071E+12,4.5
1999.01,92.715,58.96622,164.7,174342000,4.3,6.785,8.9564E+12,4.5
1999.02,92.981,58.29973,164.7,174517000,4.4,6.8075,8.9879E+12,4.5
1999.03,93.611,59.78408,164.8,174664000,4.2,7.04,8.9969E+12,4.5
1999.04,94.436,62.16686,165.9,174817000,4.3,6.916,8.969E+12,4.5
1999.05,95.361,62.94555,166,174995000,4.2,7.145,8.9861E+12,4.5
1999.06,96.365,62.34271,166,175152000,4.3,7.55,9.0181E+12,4.5
1999.07,97.193,64.2543,166.7,175301000,4.3,7.632,9.0367E+12,4.5
1999.08,97.899,61.5006,167.1,175493000,4.2,7.9425,9.0764E+12,4.56
1999.09,98.401,60.19794,167.8,175646000,4.2,7.8225,9.0663E+12,4.75
1999.1,98.833,59.32374,168.1,175902000,4.1,7.852,9.1172E+12,4.75
1999.11,99.15,62.80751,168.4,176106000,4.1,7.7375,9.1772E+12,4.86
1999.12,99.545,63.19875,168.8,176294000,4,7.912,9.2486E+12,5
2000.01,100,62.86602,169.3,178143000,4,8.21,9.3091E+12,5
2000.02,100.571,59.92387,170,178266000,4.1,8.325,9.3452E+12,5.24
2000.03,101.466,61.62468,171,178414000,4,8.24,9.3703E+12,5.34
2000.04,102.54,64.01819,170.9,178578000,3.8,8.1525,9.4183E+12,5.5
2000.05,103.701,63.33833,171.2,178785000,4,8.515,9.4573E+12,5.71
2000.06,104.855,64.33157,172.2,179005000,4,8.288,9.4833E+12,6
2000.07,105.721,64.67894,172.7,179227000,4,8.1475,9.5333E+12,6
2000.08,106.521,65.96814,172.7,179385000,4.1,8.0275,9.5915E+12,6
2000.09,107.135,66.10834,173.6,179587000,3.9,7.912,9.6015E+12,6
2000.1,107.728,64.02615,173.9,179811000,3.9,7.795,9.6274E+12,6
2000.11,108.291,63.94636,174.2,179976000,3.9,7.745,9.6298E+12,6
2000.12,108.791,63.89026,174.6,180146000,3.9,7.382,9.6476E+12,6
2001.01,109.214,64.42541,175.6,180310000,4.2,7.0325,9.6974E+12,5.52
2001.02,109.641,64.176,176,180529000,4.2,7.05,9.7088E+12,5
2001.03,110.393,59.7594,176.1,180659000,4.3,6.952,9.7339E+12,4.81
2001.04,111.247,60.09292,176.4,180889000,4.4,7.0775,9.705E+12,4.28
2001.05,112.202,63.83125,177.3,181056000,4.3,7.145,9.6809E+12,3.73
2001.06,113.272,62.47472,177.7,181278000,4.5,7.16,9.6794E+12,3.47
2001.07,114.226,60.79872,177.4,181549000,4.6,7.1275,9.8207E+12,3.25
2001.08,114.987,59.8657,177.4,181776000,4.9,6.95,9.9821E+12,3.16
2001.09,115.464,54.59542,178.1,181988000,5,6.8175,9.8965E+12,2.77
2001.1,115.68,55.06464,177.6,182162000,5.3,6.6175,9.7224E+12,2.02
2001.11,115.837,56.99183,177.5,182360000,5.5,6.658,9.7334E+12,1.58
2001.12,116.054,57.73238,177.4,182492000,5.7,7.065,9.7503E+12,1.33
2002.01,116.436,57.62083,177.7,182698000,5.7,6.9975,9.9519E+12,1.25
2002.02,116.916,56.41106,178,182910000,5.7,6.8925,9.9666E+12,1.25
2002.03,117.929,59.49042,178.5,183086000,5.7,7.014,9.9733E+12,1.25
2002.04,119.209,58.18821,179.3,183260000,5.9,6.985,1.00072E+13,1.25
2002.05,120.788,57.0232,179.5,183452000,5.8,6.806,1.00479E+13,1.25
2002.06,122.333,53.90806,179.6,183632000,5.8,6.65,1.00785E+13,1.25
2002.07,123.687,48.25622,180,183869000,5.8,6.485,1.00535E+13,1.25
2002.08,124.73,48.70765,180.5,184103000,5.7,6.29,1.00566E+13,1.25
2002.09,125.494,46.76304,180.8,184304000,5.7,6.0925,1.00683E+13,1.25
2002.1,126.136,45.54277,181.2,184460000,5.7,6.1125,1.00973E+13,1.25
2002.11,126.642,47.87475,181.5,184630000,5.9,6.068,1.01243E+13,0.83
2002.12,127.15,47.52485,181.8,184737000,6,6.0475,1.01486E+13,0.75
2003.01,127.652,47.34989,182.6,185776000,5.8,5.916,1.01336E+13,2.25
2003.02,128.326,44.37599,183.6,185999000,5.9,5.8425,1.00976E+13,2.25
2003.03,129.308,44.24553,183.9,186175000,5.9,5.745,1.01215E+13,2.25
2003.04,130.488,46.62976,183.2,186398000,6,5.8125,1.01814E+13,2.25
2003.05,131.839,49.36493,182.9,186580000,6.1,5.484,1.02612E+13,2.25
2003.06,133.225,52.29276,183.1,186781000,6.3,5.23,1.02912E+13,2
2003.07,134.646,52.14393,183.7,187003000,6.2,5.6325,1.04155E+13,2
2003.08,135.965,52.26897,184.5,187214000,6.1,6.264,1.04877E+13,2
2003.09,137.076,53.80064,185.1,187454000,6.1,6.1475,1.03691E+13,2
2003.1,137.976,55.20531,184.9,187653000,6,5.952,1.04084E+13,2
2003.11,138.765,56.13243,185,187863000,5.8,5.9325,1.04709E+13,2
2003.12,139.628,58.51985,185.5,188077000,5.7,5.876,1.0479E+13,2
2004.01,140.705,61.47464,186.3,187710000,5.7,5.7125,1.04727E+13,2
2004.02,142.029,62.40279,186.7,187892000,5.6,5.635,1.04913E+13,2
2004.03,144.08,61.57739,187.1,188075000,5.8,5.445,1.05336E+13,2
2004.04,146.179,61.8445,187.4,188258000,5.6,5.83,1.05696E+13,2
2004.05,148.334,59.72372,188.2,188421000,5.6,6.27,1.06233E+13,2
2004.06,150.518,61.33126,188.9,188624000,5.6,6.2875,1.06318E+13,2.25
2004.07,152.337,60.38981,189.1,188805000,5.5,6.056,1.06581E+13,2.25
2004.08,153.814,59.49894,189.2,189023000,5.4,5.8675,1.06935E+13,2.5
2004.09,155.108,61.34568,189.8,189243000,5.4,5.754,1.07014E+13,2.75
2004.1,156.299,61.89985,190.8,189434000,5.5,5.7225,1.07074E+13,2.75
2004.11,157.496,64.97322,191.7,189648000,5.4,5.73,1.06773E+13,3
2004.12,158.67,66.84936,191.7,189844000,5.4,5.752,1.10729E+13,3.25
2005.01,160.13,66.09673,191.6,189949000,5.3,5.71,1.06703E+13,3.25
2005.02,161.924,67.847,192.4,190108000,5.4,5.6275,1.06771E+13,3.5
2005.03,164.576,68.08077,193.1,190281000,5.2,5.928,1.07174E+13,3.75
2005.04,166.999,66.29041,193.7,190459000,5.2,5.855,1.07519E+13,3.75
2005.05,169.544,66.47941,193.6,190656000,5.1,5.72,1.07998E+13,4
2005.06,172.015,67.7982,193.7,190878000,5,5.582,1.08244E+13,4.25
2005.07,174.097,69.14153,194.9,191069000,5,5.695,1.0839E+13,4.25
2005.08,175.922,70.08316,196.1,191272000,4.9,5.82,1.08566E+13,4.5
2005.09,177.61,71.01159,198.8,191525000,5,5.774,1.08157E+13,4.75
2005.1,178.752,69.05574,199.1,191753000,5,6.065,1.08702E+13,4.75
2005.11,179.674,71.11321,198.1,192003000,5,6.33,1.09378E+13,5
2005.12,180.107,72.95638,198.1,192217000,4.9,6.272,1.09762E+13,5.25
2006.01,180.828,74.89481,199.3,192191000,4.7,6.145,1.10967E+13,5.5
2006.02,181.5,75.36825,199.4,192368000,4.8,6.2525,1.11514E+13,5.5
2006.03,182.749,76.55873,199.7,192514000,4.7,6.324,1.11957E+13,5.75
2006.04,183.648,78.15821,200.7,192690000,4.7,6.5075,1.11903E+13,5.75
2006.05,184.38,78.19043,201.3,192874000,4.6,6.5975,1.11827E+13,6
2006.06,184.547,74.79095,201.8,193064000,4.6,6.682,1.11982E+13,6.25
2006.07,184.607,75.96101,202.9,193287000,4.7,6.7625,1.11963E+13,6.25
2006.08,184.404,77.68767,203.8,193496000,4.7,6.524,1.11896E+13,6.25
2006.09,184.198,78.53902,202.8,193687000,4.5,6.4025,1.12523E+13,6.25
2006.1,184.055,81.02309,201.9,193878000,4.4,6.3575,1.1306E+13,6.25
2006.11,183.633,82.98522,202,194101000,4.5,6.24,1.13531E+13,6.25
2006.12,183.231,85.11808,203.1,194267000,4.4,6.135,1.14068E+13,6.25
2007.01,182.72,85.53719,203.437,194704000,4.6,6.2175,1.14037E+13,6.25
2007.02,182.472,87.57293,204.226,194878000,4.5,6.285,1.14396E+13,6.25
2007.03,182.194,85.42087,205.288,195021000,4.4,6.156,1.1475E+13,6.25
2007.04,182.132,89.44111,205.904,195205000,4.5,6.18,1.14901E+13,6.25
2007.05,181.885,92.02119,206.755,195347000,4.4,6.262,1.14955E+13,6.25
2007.06,181.54,92.69252,207.234,195506000,4.6,6.6575,1.14884E+13,6.25
2007.07,180.993,93.54097,207.603,195724000,4.7,6.695,1.15004E+13,6.25
2007.08,180.235,88.41669,207.667,195921000,4.6,6.572,1.15062E+13,5.75
2007.09,179.122,91.48968,208.547,196110000,4.7,6.3825,1.15271E+13,5.25
2007.1,177.53,95.14953,209.19,196271000,4.7,6.375,1.15236E+13,5
2007.11,175.162,91.09005,210.834,196428000,4.7,6.208,1.15123E+13,5
2007.12,173.338,91.88257,211.445,196553000,5,6.095,1.15521E+13,4.75
2008.01,171.079,85.92138,212.174,195806000,5,5.758,1.15534E+13,3.5
2008.02,169.193,84.64895,212.687,195943000,4.9,5.9175,1.15476E+13,3.5
2008.03,167.905,82.16946,213.448,196070000,5.1,5.97,1.15453E+13,2.5
2008.04,167.323,85.92222,213.942,196196000,5,5.9175,1.15007E+13,2.25
2008.05,167.02,88.26169,215.208,196351000,5.4,6.036,1.20609E+13,2.25
2008.06,166.537,84.26327,217.463,196517000,5.6,6.32,1.17553E+13,2.25
2008.07,165.714,78.95064,219.016,196699000,5.8,6.426,1.1574E+13,2.25
2008.08,164.279,78.31818,218.69,196860000,6.1,6.4775,1.15069E+13,2.25
2008.09,161.913,74.07194,218.877,197042000,6.1,6.0375,1.15315E+13,2.25
2008.1,159.164,57.41563,216.995,197175000,6.5,6.2,1.16167E+13,1.25
2008.11,156.072,51.77961,213.153,197347000,6.8,6.0875,1.17138E+13,1.25
2008.12,152.544,51.73662,211.398,197513000,7.3,5.286,1.16554E+13,0.5
2009.01,149.361,51.37847,211.933,197062000,7.8,5.0475,1.1718E+13,0.5
2009.02,147.616,47.38305,212.705,197204000,8.3,5.13,1.15987E+13,0.5
2009.03,146.514,44.39098,212.495,197304000,8.7,5.0025,1.15934E+13,0.5
2009.04,146.943,50.01417,212.709,197410000,9,4.81,1.16602E+13,0.5
2009.05,148.171,54.52264,213.022,197547000,9.4,4.8575,1.18267E+13,0.5
2009.06,149.797,56.05994,214.79,197688000,9.5,5.42,1.16109E+13,0.5
2009.07,150.748,56.34072,214.726,197891000,9.5,5.222,1.15604E+13,0.5
2009.08,150.667,61.60015,215.445,198028000,9.6,5.1925,1.15386E+13,0.5
2009.09,149.625,63.97417,215.861,198179000,9.8,5.0575,1.15731E+13,0.5
2009.1,148.582,65.43232,216.509,198318000,10,4.952,1.15381E+13,0.5
2009.11,147.937,66.3718,217.234,198446000,9.9,4.875,1.1571E+13,0.5
2009.12,146.664,67.16471,217.347,198562000,9.9,4.93,1.163E+13,0.5
2010.01,145.003,67.98262,217.488,198431000,9.8,5.03,1.16446E+13,0.5
2010.02,143.055,65.13094,217.281,198554000,9.8,4.99,1.16556E+13,0.75
2010.03,143.597,68.83686,217.353,198660000,9.9,4.9675,1.17021E+13,0.75
2010.04,145.402,71.22054,217.403,198756000,9.9,5.098,1.17998E+13,0.75
2010.05,147.037,65.55708,217.29,198911000,9.6,4.8875,1.18879E+13,0.75
2010.06,147.702,63.38497,217.199,199022000,9.4,4.7375,1.1895E+13,0.75
2010.07,147.563,63.66211,217.605,199182000,9.4,4.564,1.19108E+13,0.75
2010.08,146.428,64.83236,217.923,199308000,9.5,4.4275,1.19497E+13,0.75
2010.09,144.608,66.91848,218.275,199445000,9.5,4.346,1.19494E+13,0.75
2010.1,143.127,70.07586,219.035,199624000,9.4,4.225,1.19504E+13,0.75
2010.11,141.819,71.24583,219.59,199742000,9.8,4.3,1.19605E+13,0.75
2010.12,140.633,73.43909,220.472,199844000,9.3,4.714,1.20301E+13,0.75
2011.01,139.045,75.83663,221.187,199321000,9.1,4.755,1.20844E+13,0.75
2011.02,137.742,78.38196,221.898,199449000,9,4.9525,1.2117E+13,0.75
2011.03,137.793,77.49942,223.046,199550000,9,4.836,1.20833E+13,0.75
2011.04,139.161,79.34372,224.093,199668000,9.1,4.84,1.20613E+13,0.75
2011.05,140.693,78.79452,224.806,199825000,9,4.6375,1.20432E+13,0.75
2011.06,141.945,75.94405,224.806,199914000,9.1,4.51,1.20879E+13,0.75
2011.07,142.341,77.67409,225.395,200036000,9,4.545,1.21286E+13,0.75
2011.08,141.785,68.76671,226.106,200093000,9,4.27,1.21206E+13,0.75
2011.09,140.169,66.55734,226.597,200134000,9,4.106,1.2104E+13,0.75
2011.1,138.412,67.9489,226.75,200224000,8.8,4.0675,1.2117E+13,0.75
2011.11,136.668,68.64421,227.169,200233000,8.6,3.9925,1.21126E+13,0.75
2011.12,135.169,69.36818,227.223,200220000,8.5,3.958,1.22273E+13,0.75
2012.01,134.167,72.31305,227.842,201184000,8.3,3.915,1.23111E+13,0.75
2012.02,133.993,75.61419,228.329,201204000,8.3,3.89,1.23848E+13,0.75
2012.03,135.862,76.48755,228.807,201225000,8.2,3.954,1.24311E+13,0.75
2012.04,138.472,75.3469,229.187,201303000,8.2,3.91,1.24865E+13,0.75
2012.05,141.051,72.17182,228.713,201365000,8.2,3.798,1.24902E+13,0.75
2012.06,143.171,70.76199,228.524,201404000,8.2,3.675,1.24826E+13,0.75
2012.07,144.283,72.79951,228.59,201478000,8.2,3.55,1.23965E+13,0.75
2012.08,144.705,75.0352,229.918,201484000,8.1,3.602,1.23644E+13,0.75
2012.09,144.357,77.42225,231.015,201494000,7.8,3.4975,1.24533E+13,0.75
2012.1,143.967,77.60919,231.638,201570000,7.8,3.3825,1.25382E+13,0.75
2012.11,143.96,76.13493,231.249,201617000,7.7,3.352,1.27029E+13,0.75
2012.12,143.867,78.39357,231.221,201655000,7.9,3.345,1.30116E+13,0.75
2013.01,144.312,81.92726,231.679,201939000,8,3.414,1.22589E+13,0.75
2013.02,145.163,83.34364,232.937,201977000,7.7,3.5325,1.22249E+13,0.75
2013.03,147.962,84.68098,232.282,202009000,7.5,3.565,1.22621E+13,0.75
2013.04,150.97,85.15526,231.797,202104000,7.6,3.445,1.2299E+13,0.75
2013.05,153.863,88.4166,231.893,202171000,7.5,3.536,1.23586E+13,0.75
2013.06,156.433,86.20319,232.445,202245000,7.5,4.07,1.23617E+13,0.75
2013.07,158.296,88.49967,232.9,202303000,7.3,4.37,1.23506E+13,0.75
2013.08,159.404,88.94304,233.456,202352000,7.2,4.456,1.23796E+13,0.75
2013.09,159.682,90.11507,233.544,202458000,7.2,4.49,1.24315E+13,0.75
2013.1,159.562,92.16814,233.669,202494000,7.2,4.192,1.23951E+13,0.75
2013.11,159.366,94.64921,234.1,202569000,6.9,4.255,1.24262E+13,0.75
2013.12,159.284,95.09109,234.719,202590000,6.7,4.4575,1.24527E+13,0.75
2014.01,159.374,95.98233,235.288,202650000,6.6,4.432,1.25133E+13,0.75
2014.02,159.878,95.36447,235.547,202683000,6.7,4.3025,1.25795E+13,0.75
2014.03,161.194,97.53705,236.028,202697000,6.7,4.3425,1.26486E+13,0.75
2014.04,162.972,98.45526,236.468,202801000,6.2,4.3375,1.2699E+13,0.75
2014.05,164.686,99.72694,236.918,202835000,6.3,4.192,1.2745E+13,0.75
2014.06,166.215,102.13384,237.231,202939000,6.1,4.1625,1.27972E+13,0.75
2014.07,167.14,102.87739,237.498,203021000,6.2,4.13,1.28351E+13,0.75
2014.08,167.455,101.52835,237.46,203113000,6.1,4.115,1.28963E+13,0.75
2014.09,167.246,102.38794,237.477,203197000,5.9,4.1625,1.29388E+13,0.75
2014.1,166.915,98.07211,237.43,203259000,5.7,4.036,1.29953E+13,0.75
2014.11,166.663,102.26019,236.983,203310000,5.8,3.9975,1.30628E+13,0.75
2014.12,166.467,101.37653,236.252,203342000,5.6,3.864,1.31505E+13,0.75
2015.01,166.258,100.07909,234.747,203943000,5.7,3.67,1.32247E+13,0.75
2015.02,166.642,102.77558,235.342,203963000,5.5,3.71,1.32718E+13,0.75
2015.03,168.098,102.25372,235.976,203989000,5.4,3.77,1.32337E+13,0.75
2015.04,169.977,103.8488,236.222,204049000,5.4,3.672,1.32628E+13,0.75
2015.05,171.856,104.40681,237.001,204126000,5.6,3.84,1.32847E+13,0.75
2015.06,173.457,103.16323,237.657,204243000,5.3,3.9825,1.32927E+13,0.75
2015.07,174.502,101.69384,238.034,204348000,5.2,4.046,1.33241E+13,0.75
2015.08,174.946,98.64014,238.033,204454000,5.1,3.905,1.33549E+13,0.75
2015.09,175.055,93.22412,237.498,204527000,5,3.89,1.3392E+13,0.75
2015.1,175.062,96.70031,237.733,204565000,5,3.796,1.34198E+13,0.75
2015.11,175.157,97.66067,238.017,204627000,5.1,3.9425,1.34177E+13,0.75
2015.12,175.133,95.55366,237.761,204667000,5,3.964,1.3482E+13,1
2016.01,175.055,89.20781,237.652,205075000,4.8,3.8725,1.35316E+13,1
2016.02,175.301,88.24099,237.336,205152000,4.9,3.66,1.35461E+13,1
2016.03,176.619,94.19507,238.08,205243000,5,3.694,1.35472E+13,1
2016.04,178.509,96.83752,238.992,205300000,5.1,3.605,1.3522E+13,1
2016.05,180.354,96.83658,239.557,205363000,4.8,3.6,1.35151E+13,1
2016.06,181.926,97.52459,240.222,205441000,4.9,3.568,1.35215E+13,1
2016.07,183.03,99.9992,240.101,205532000,4.8,3.44,1.35671E+13,1
2016.08,183.668,101.04798,240.545,205652000,4.9,3.435,1.35789E+13,1
2016.09,183.958,100.23016,241.176,205723000,5,3.46,1.36083E+13,1
2016.1,184.033,99.05186,241.741,205781000,4.9,3.47,1.36277E+13,1
2016.11,184.246,99.85422,242.026,205866000,4.7,3.77,1.36578E+13,1
2016.12,184.419,103.84365,242.637,205905000,4.7,4.198,1.36853E+13,1.25
2017.01,184.672,105.02355,243.618,205304000,4.7,4.15,1.37421E+13,1.25
2017.02,185.04,106.97443,244.006,205336000,4.6,4.1675,1.37923E+13,1.25
2017.03,186.546,107.79796,243.892,205351000,4.4,4.196,1.38513E+13,1.5
2017.04,188.556,107.27432,244.193,205348000,4.4,4.045,1.38696E+13,1.5
2017.05,190.554,108.38791,244.004,205414000,4.4,4.01,1.39626E+13,1.5
2017.06,192.288,109.92614,244.163,205502000,4.3,3.904,1.39635E+13,1.75
2017.07,193.539,111.18471,244.243,205595000,4.3,3.9675,1.39999E+13,1.75
2017.08,194.375,110.95262,245.183,205649000,4.4,3.88,1.40158E+13,1.75
2017.09,194.844,112.86192,246.435,205689000,4.3,3.805,1.40309E+13,1.75
2017.1,195.107,115.63231,246.626,205716000,4.2,3.895,1.40627E+13,1.75
2017.11,195.47,115.94859,247.284,205756000,4.2,3.922,1.40784E+13,1.75
2017.12,195.864,119.04481,247.805,205790000,4.1,3.95,1.41115E+13,2
2018.01,196.134,124.24317,248.859,206253000,4,4.0325,1.42114E+13,2
2018.02,196.924,119.48912,249.529,206272000,4.1,4.33,1.42501E+13,2
2018.03,198.593,118.08173,249.577,206328000,4,4.444,1.42983E+13,2.25
2018.04,200.636,117.40131,250.227,206365000,4,4.4675,1.43295E+13,2.25
2018.05,202.474,118.30351,250.792,206408000,3.8,4.586,1.43732E+13,2.25
2018.06,204.066,118.59993,251.018,206441000,4,4.57,1.44162E+13,2.5
2018.07,204.974,119.52958,251.214,206518000,3.8,4.5275,1.4467E+13,2.5
2018.08,205.352,121.28153,251.663,206566000,3.8,4.55,1.45096E+13,2.5
2018.09,205.397,122.26119,252.182,206652000,3.7,4.6275,1.44988E+13,2.75
2018.1,205.391,117.41845,252.772,206733000,3.8,4.83,1.45277E+13,2.75
2018.11,205.129,115.52938,252.594,206777000,3.8,4.866,1.45504E+13,2.75
2018.12,204.722,108.75523,252.767,206780000,3.9,4.6375,1.47193E+13,3
2019.01,204.233,111.16616,252.718,206121000,4,4.464,1.47143E+13,3
2019.02,204.467,117.22345,253.322,206166000,3.8,4.37,1.47421E+13,3
2019.03,205.816,118.283,254.202,206206000,3.8,4.265,1.47325E+13,3
2019.04,207.729,121.03784,255.211,206242000,3.6,4.1425,1.4678E+13,3
2019.05,209.393,118.64245,255.29,206275000,3.6,4.072,1.46735E+13,3
2019.06,210.629,120.17347,255.159,206281000,3.6,3.8025,1.46864E+13,3
2019.07,211.381,123.43003,255.685,206263000,3.7,3.765,1.47037E+13,3
2019.08,211.74,118.28403,256.059,206240000,3.7,3.616,1.47778E+13,2.75
2019.09,211.92,121.7589,256.511,206277000,3.5,3.605,1.48079E+13,2.5
2019.1,212.014,121.35093,257.244,206344000,3.6,3.688,1.48214E+13,2.25
2019.11,212.154,125.88704,257.803,206400000,3.6,3.695,1.48859E+13,2.25
2019.12,212.283,128.52031,258.616,206424000,3.6,3.72,1.48441E+13,2.25
2020.01,212.435,130.9052,259.037,205690000,3.5,3.624,1.49765E+13,2.25
2020.02,213.25,128.69358,259.248,205688000,3.5,3.465,1.50688E+13,2.25
2020.03,215.225,100.45803,258.124,205690000,4.4,3.45,1.4844E+13,0.25
2020.04,217.272,101.80408,256.092,205694000,14.7,3.306,1.71707E+13,0.25
2020.05,218.523,105.65555,255.868,205736000,13.2,3.2325,1.6333E+13,0.25
2020.06,219.848,113.16621,256.986,205744000,11,3.1625,1.60573E+13,0.25
2020.07,221.604,115.09434,258.278,205745000,10.2,3.016,1.61519E+13,0.25
2020.08,224.086,120.63801,259.411,205742000,8.4,2.935,1.55539E+13,0.25
2020.09,226.845,119.74555,260.029,205692000,7.9,2.89,1.56434E+13,0.25
2020.1,229.863,121.4711,260.286,205707000,6.9,2.834,1.55684E+13,0.25
2020.11,232.375,128.24796,260.813,205748000,6.7,2.765,1.53665E+13,0.25
2020.12,234.43,134.59409,262.035,205777000,6.7,2.684,1.53938E+13,0.25
2021.01,236.513,138.83574,262.65,205453000,6.4,2.735,1.69886E+13,0.25
2021.02,239.29,142.34292,263.638,205386000,6.2,2.81,1.55482E+13,0.25
2021.03,244.294,144.96486,264.914,205341000,6,3.0825,1.91195E+13,0.25
2021.04,249.898,150.28601,266.67,205307000,6,3.06,1.61469E+13,0.25
2021.05,255.524,153.5066,268.444,205292000,5.8,2.9625,1.56695E+13,0.25
2021.06,261.254,155.21782,270.559,205276000,5.9,2.975,1.56033E+13,0.25
2021.07,265.587,154.78493,271.764,205275000,5.4,2.868,1.57352E+13,0.25
2021.08,268.855,156.60779,272.87,205174000,5.2,2.8425,1.572E+13,0.25
2021.09,271.502,155.12097,274.028,205160000,4.7,2.9,1.54663E+13,0.25
2021.1,273.71,156.8541,276.522,205153000,4.6,3.0675,1.54724E+13,0.25
2021.11,276.092,159.94283,278.711,205122000,4.2,3.0675,1.54708E+13,0.25
2021.12,278.681,157.33822,280.887,205119000,3.9,3.098,1.54427E+13,0.25